Samples,SITE,PLANT ID,Hyphae,Aseptate,Septate,Arbuscules,Vesicles,FOV
1,BGB,Amphicarpaea_bracteata,119,84,35,7,18,100
2,BGB,Smilax_glauca,125,76,49,1,18,100
3,BGB,Parthenocissus_quinquefolia,94,65,29,2,6,100
4,BGB,Viola_palmata,60,54,6,1,0,100
5,SGL,Phytolacca_americana,43,37,6,0,2,100
6,SGL,Smilax_glauca,82,57,25,2,5,100
7,SGL,Viola_palmata,23,21,2,6,1,100
8,SGL,Amphicarpaea_bracteata,100,83,17,1,2,100
9,LCM,Panicum_miliaceum,5,0,5,0,0,100
10,LCM,Lactuca_canadensis,5,4,1,1,0,100
11,LCM,Kalmia_latifolia,51,21,30,1,0,100
12,LCM,Smilax_glauca,11,9,2,1,2,100
13,GCL,Smilax_glauca,47,23,24,12,1,100
14,GCL,Lactuca_canadensis,7,4,3,5,1,100
15,GCL,Phytolacca_americana,81,52,29,7,1,100
16,GCL,Panicum_miliaceum,78,23,55,1,2,100
17,GCL,Lysimachia_quadrifolia,46,15,31,43,3,100
18,TREE,Smilax_glauca,53,46,7,40,1,100
19,TREE,Acer_saccharum,46,41,5,15,3,100
20,TREE,Viola_palmata,66,52,14,22,1,100
21,TREE,Parthenocissus_quinquefolia,62,41,21,2,1,100
22,FCM,Panicum_miliaceum,12,8,4,6,1,100
23,FCM,Lactuca_canadensis,4,4,0,22,3,100
24,FCM,Kalmia_latifolia,18,12,6,10,2,100
25,FCM,Smilax_glauca,30,28,2,23,2,100
26,SCM,Smilax_glauca,15,11,4,11,1,100
27,SCM,Lactuca_canadensis,34,31,3,33,2,100
28,SCM,Kalmia_latifolia,33,22,11,2,0,100
29,SCM,Panicum_miliaceum,17,13,4,2,1,100
30,TCL,Smilax_glauca,30,21,9,16,0,100
31,TCL,Lysimachia_quadrifolia,62,20,42,6,1,100
32,TCL,Phytolacca_americana,86,70,16,17,2,100
33,TCL,Parthenocissus_quinquefolia,37,30,7,4,0,100
34,FCL,Acer_saccharum,121,62,59,5,0,100
35,FCL,Smilax_glauca,8,7,1,16,0,100
36,FCL,Panicum_miliaceum,71,14,57,20,1,100
37,FCL,Lysimachia_quadrifolia,84,20,64,28,0,100
38,NMT,Phytolacca_americana,50,41,9,14,2,100
39,NMT,Amphicarpaea_bracteata,75,59,16,7,0,100
40,NMT,Lactuca_canadensis,38,38,0,14,0,100
41,NMT,Parthenocissus_quinquefolia,38,31,7,18,0,100
42,WIN,Smilax_glauca,72,20,52,12,0,100
43,WIN,Acer_saccharum,79,17,62,13,0,100
44,WIN,Viola_palmata,31,30,1,20,0,100
45,WIN,Parthenocissus_quinquefolia,69,58,11,9,0,100
46,WIN,Amphicarpaea_bracteata,61,52,9,5,0,100
47,SKI,Viola_palmata,52,45,7,17,0,100
48,SKI,Parthenocissus_quinquefolia,57,27,30,11,0,100
49,SKI,Amphicarpaea_bracteata,47,47,0,1,0,100
50,PL441,Amphicarpaea_bracteata,141,90,51,6,0,100
51,PL441,Parthenocissus_quinquefolia,107,65,42,2,2,100
52,PL441,Smilax_glauca,53,41,12,16,1,100
53,PL441,Acer_saccharum,67,37,30,4,2,100
54,PL441,Viola_palmata,11,10,1,4,0,100
55,RS441,Smilax_glauca,73,50,23,19,1,100
56,RS441,Viola_palmata,48,41,7,17,0,100
57,RS441,Parthenocissus_quinquefolia,78,43,35,12,1,100
58,RS441,Amphicarpaea_bracteata,89,76,13,8,1,100
59,LGB,Lysimachia_quadrifolia,65,21,44,25,1,100
60,LGB,Lactuca_canadensis,37,32,5,35,1,100
61,LGB,Panicum_miliaceum,29,4,25,4,0,100
62,LGB,Smilax_glauca,18,6,12,26,0,100
63,LGB,Kalmia_latifolia,37,8,29,12,0,100
64,RGB,Lysimachia_quadrifolia,55,25,30,12,0,100
65,RGB,Lactuca_canadensis,8,3,5,1,1,100
66,RGB,Panicum_miliaceum,24,7,17,5,0,100
67,RGB,Smilax_glauca,44,5,39,5,1,100
68,RGB,Kalmia_latifolia,36,4,32,2,0,100
69,DUD,Phytolacca_americana,71,52,19,16,4,100
70,DUD,Panicum_miliaceum,8,1,7,0,0,100
71,DUD,Lactuca_canadensis,57,31,26,25,1,100
72,DUD,Smilax_glauca,24,6,18,10,0,100
73,CANEY,Acer_saccharum,90,57,33,1,0,100
74,CANEY,Smilax_glauca,63,22,41,14,0,100
75,CANEY,Viola_palmata,46,36,10,6,0,100
76,CANEY,Phytolacca_americana,95,80,15,1,0,100
77,CANEY,Panicum_miliaceum,27,15,12,2,0,100
78,LOVE,Parthenocissus_quinquefolia,51,42,9,8,0,100
79,LOVE,Amphicarpaea_bracteata,43,34,9,1,0,100
80,LOVE,Lactuca_canadensis,24,21,3,7,0,100
81,LOVE,Viola_palmata,31,23,8,19,0,100
82,NEON,Phytolacca_americana,84,50,34,26,0,100
83,NEON,Viola_palmata,36,15,21,10,5,100
84,NEON,Smilax_glauca,37,17,20,22,0,100
85,NEON,Amphicarpaea_bracteata,91,69,22,11,0,100
86,NEON,Parthenocissus_quinquefolia,36,22,14,0,0,100